name,bio,birth_date
"Aşık Veysel","Türk halk şairi ve ozanı",1894-10-25
"Yunus Emre","13. yüzyıl Türk mutasavvıf şairi",1238-01-01
"Pir Sultan Abdal","16. yüzyıl Alevi ozanı",1480-01-01
"Karacaoğlan","17. yüzyıl Türk âşık ve ozanı",1606-01-01
"Köroğlu","Türk halk edebiyatının efsanevi kahramanı",1550-01-01
"Dadaloğlu","19. yüzyıl Türk ozanı",1785-01-01
"Âşık Ömer","Türk halk şairi",1621-01-01
"Gevheri","Klasik Türk edebiyatı şairi",1697-01-01
"Baki","Klasik Türk edebiyatının büyük şairi",1526-01-01
"Fuzuli","16. yüzyıl Türk şairi",1483-01-01
"Nabi","17. yüzyıl Türk şairi",1642-01-01
"Nedim","18. yüzyıl Türk şairi",1681-01-01
"Şeyh Galip","18. yüzyıl Türk şairi",1757-01-01
"Ziya Paşa","19. yüzyıl Türk şairi ve yazarı",1829-09-07
"Namık Kemal","Tanzimat dönemi Türk yazarı",1840-12-21
"Recaizade Mahmut Ekrem","Türk şair ve yazarı",1847-03-08
"Abdülhak Hâmid Tarhan","Türk şair ve oyun yazarı",1852-01-02
"Muallim Naci","Türk şair ve yazarı",1850-01-01
"Sami Paşazade Sezai","Türk romancısı",1860-06-11
"Halit Ziya Uşaklıgil","Türk romancısı",1866-02-27
"Mehmet Rauf","Türk romancısı",1875-08-07
"Hüseyin Rahmi Gürpınar","Türk romancısı",1864-08-17
"Ömer Seyfettin","Türk hikâyecisi",1884-03-11
"Refik Halid Karay","Türk yazarı",1888-03-17
"Yakup Kadri Karaosmanoğlu","Türk romancısı",1889-03-27
"Halide Edib Adıvar","Türk romancısı",1884-06-11
"Peyami Safa","Türk romancısı",1899-04-02
"Ahmet Hamdi Tanpınar","Türk yazarı",1901-06-23
"Sabahattin Kudret Aksal","Türk oyun yazarı",1920-03-05
"Orhan Veli Kanık","Türk şairi",1914-04-13
"Melih Cevdet Anday","Türk şairi",1915-03-13
"Oktay Rifat","Türk şairi",1914-06-02
"Fazıl Hüsnü Dağlarca","Türk şairi",1914-08-26
"Cahit Sıtkı Tarancı","Türk şairi",1910-10-04
"Necip Fazıl Kısakürek","Türk şairi",1904-05-26
"Attila İlhan","Türk şairi",1925-06-15
"Cemal Süreya","Türk şairi",1931-09-13
"Edip Cansever","Türk şairi",1928-08-08
"Ece Ayhan","Türk şairi",1931-05-18
"Sezai Karakoç","Türk şairi",1933-05-02
"Turgut Uyar","Türk şairi",1927-08-04
"İlhan Berk","Türk şairi",1918-11-18
"Onat Kutlar","Türk yazarı",1936-01-02
"Tomris Uyar","Türk şairi",1941-07-27
"Enis Batur","Türk şairi",1952-12-00
"Lale Müldür","Türk şairi",1956-01-01
"Murathan Mungan","Türk yazarı",1955-08-21
"Sunay Akın","Türk şairi",1962-11-02
"Ataol Behramoğlu","Türk şairi",1942-04-13
"Özdemir Asaf","Türk şairi",1923-06-11
"Can Yücel","Türk şairi",1926-05-06
"Gülten Akın","Türk şairi",1933-05-23
"Metin Altıok","Türk şairi",1941-10-05
"Hilmi Yavuz","Türk şairi",1936-05-06
"İsmet Özel","Türk şairi",1944-09-09
"Adnan Özer","Türk yazarı",1938-01-01
"Ayhan Geçgin","Türk şairi",1942-01-01
"Birhan Keskin","Türk şairi",1963-01-01
"Cevat Çapan","Türk şairi",1933-05-12
"Doğan Hızlan","Türk yazarı",1938-09-08
"Erdal Öz","Türk yazarı",1935-05-14
"Ferit Edgü","Türk yazarı",1936-06-29
"Gülseli İnal","Türk yazarı",1955-01-01
"Handan İnci Elçi","Türk yazarı",1950-01-01
"İnci Aral","Türk yazarı",1944-01-01
"Jale Özata","Türk yazarı",1940-01-01
"Kaan Arslanoğlu","Türk yazarı",1965-01-01
"Latife Tekin","Türk yazarı",1957-08-09
"Mehmet Eroğlu","Türk yazarı",1960-01-01
"Nazlı Eray","Türk yazarı",1945-07-15
"Oğuz Atay","Türk yazarı",1934-10-12
"Peride Celal","Türk yazarı",1916-07-30
"Qurban Ali","Türk yazarı",1972-01-01
"Rıfat Ilgaz","Türk yazarı",1911-06-07
"Sevgi Soysal","Türk yazarı",1936-10-11
"Tarık Buğra","Türk yazarı",1918-10-16
"Ülkü Tamer","Türk şairi",1937-04-15
"Vedat Türkali","Türk yazarı",1919-03-01
"Yusuf Atılgan","Türk yazarı",1921-06-27
"Zeynep Sayın","Türk yazarı",1950-01-01
"Ali Lidar","Türk yazarı",1928-01-01
"Bekir Yıldız","Türk yazarı",1932-06-18
"Cengiz Bektaş","Türk yazarı",1934-01-01
"Demir Özlü","Türk yazarı",1935-09-01
"Erhan Bener","Türk yazarı",1929-01-01
"Fakir Baykurt","Türk yazarı",1929-06-15
"Gülten Dayıoğlu","Türk yazarı",1935-07-09
"Hasan Ali Toptaş","Türk yazarı",1958-10-15
"İhsan Oktay Anar","Türk yazarı",1960-09-18
"Tahsin Yücel","Türk yazarı",1933-11-26
"Kemal Tahir","Türk yazarı",1910-03-13
"Leyla Erbil","Türk yazarı",1931-12-21
"Mahmut Makal","Türk yazarı",1930-09-09
"Nezihe Meriç","Türk yazarı",1925-11-20
"Oktay Akbal","Türk yazarı",1923-11-15
"Pınar Kür","Türk yazarı",1943-10-26
"Rasim Özdenören","Türk yazarı",1940-11-01
"Selim İleri","Türk yazarı",1949-01-26
"Talip Apaydın","Türk yazarı",1926-06-15
"Ümit Yaşar Oğuzcan","Türk şairi",1926-10-19
"Vüs'at O. Bener","Türk yazarı",1922-07-15
"Yaşar Nabi Nayır","Türk yazarı",1908-04-10
"Zeki Ömer Defne","Türk yazarı",1913-01-01
"Azra Erhat","Türk yazarı",1915-11-26
"Behçet Necatigil","Türk şairi",1916-04-16
"Cahit Zarifoğlu","Türk şairi",1940-06-07
"Dursun Akçam","Türk yazarı",1930-01-01
"Erendiz Atasü","Türk yazarı",1947-02-15
"Fethiye Çetin","Türk yazarı",1950-01-01
"Güngör Dilmen","Türk yazarı",1930-03-04
"Haldun Taner","Türk yazarı",1915-03-16
"İnci Enginün","Türk yazarı",1939-01-01
"Jale Parla","Türk yazarı",1945-01-01
"Kemal Özer","Türk şairi",1943-01-01
"Levent Yılmaz","Türk yazarı",1960-01-01
"Metin Celal","Türk yazarı",1954-01-01
"Nuriye Ulviye Mevlan Civelek","Türk yazarı",1893-01-01
"Orhan Okay","Türk yazarı",1931-01-01
"Pembe Hanım","Türk yazarı",1900-01-01
"Qeyas Xerîbî","Kürt şairi",1958-01-01
"Rıza Tevfik Bölükbaşı","Türk şairi",1869-02-05
"Samiha Ayverdi","Türk yazarı",1905-06-17
"Turhan Selçuk","Türk karikatürist",1922-11-22
"Ülker Köksal","Türk yazarı",1935-01-01
"Vüsal Baba","Türk şairi",1970-01-01
"Yaşar Kemal Beyatçı","Türk yazarı",1940-01-01
"Zehra İpşiroğlu","Türk yazarı",1933-01-01
"Abidin Dino","Türk yazarı",1913-03-23
"Burhan Arpad","Türk yazarı",1931-01-01
"Cemal Kurnaz","Türk yazarı",1951-01-01
"Duygu Asena","Türk yazarı",1946-04-19
"Erol Güney","Türk yazarı",1938-01-01
"Füruzan","Türk yazarı",1935-05-13
"Gülşah Elikbank","Türk yazarı",1960-01-01
"Hasan Pulur","Türk yazarı",1940-09-29
"İbrahim Yalçın","Türk yazarı",1945-01-01
"Jülide Kural","Türk yazarı",1950-01-01
"Kemal Burkay","Türk yazarı",1937-01-01
"Leyla Gencer","Türk opera sanatçısı",1928-10-10
"Muzaffer Tayyip Uslu","Türk yazarı",1914-01-01
"Nâzım Hikmet Ran","Türk şairi",1902-01-15
"Osman Türkay","Türk şairi",1927-01-01
"Pak Mun-il","Kore yazarı",1939-01-01
"Quincy Jones","Amerikalı müzisyen",1933-03-14
"Recep Bilginer","Türk yazarı",1922-01-01
"Sabahattin Eyüboğlu","Türk yazarı",1908-01-19
"Taner Baybars","Türk şairi",1936-06-18
"Uğur Güdük","Türk yazarı",1970-01-01
"Vecihi Hürkuş","Türk havacı",1896-01-06
"Wole Soyinka","Nijeryalı yazarı",1934-07-13
"Xanthe Clay","İngiliz yazarı",1960-01-01
"Yılmaz Güney","Türk yönetmen",1937-04-01
"Zuhal Olcay","Türk sanatçı",1957-08-10
"Ahmet Altan","Türk yazarı",1950-05-23
"Bora Abdo","Türk yazarı",1965-01-01
"Can Yayınları","Türk yayınevi",1981-01-01
"Demirtaş Ceyhun","Türk yazarı",1934-01-01
"Enis Akın","Türk yazarı",1960-01-01
"Fuat Edip Baksı","Türk yazarı",1905-01-01
"Gürsel Koçak","Türk yazarı",1955-01-01
"Haluk Şahenk","Türk iş insanı",1952-01-01
"İbrahim Bodur","Türk yazarı",1940-01-01
"Jale Önder","Türk yazarı",1958-01-01
"Kurthan Fişek","Türk yazarı",1933-12-31
"Leman Şen","Türk yazarı",1945-01-01
"Memduh Şevket Esendal","Türk yazarı",1883-08-21
"Nurullah Genç","Türk yazarı",1930-01-01
"Orhan Duru","Türk yazarı",1934-01-01
"Perihan Mağden","Türk yazarı",1960-07-07
"Qurtuluş Kayalar","Türk yazarı",1970-01-01
"Rıza Isıtan","Türk yazarı",1924-01-01
"Sait Maden","Türk yazarı",1950-01-01
"Tülay Göksun","Türk yazarı",1965-01-01
"Umay Umay","Türk yazarı",1945-01-01
"Vasfi Rıza Zobu","Türk yazarı",1896-01-01
"Widad Tamimi","Filistinli aktivist",1977-01-01
"Xenophon","Antik Yunan yazarı",-430-01-01
"Yahya Akengin","Türk yazarı",1940-01-01
"Zekeriya Beyaz","Türk yazarı",1955-01-01
"Ahmet Mithat Efendi","Osmanlı yazarı",1844-01-01
"Bekir Sıtkı Erdoğan","Türk yazarı",1926-01-01
"Celal Nuri İleri","Türk düşünür",1877-01-01
"Duygu Özkan","Türk yazarı",1975-01-01
"Emine Işınsu","Türk yazarı",1931-08-21
"Faruk Nafiz Çamlıbel","Türk şairi",1898-05-18
"Güzin Dino","Türk yazarı",1910-01-01
"Hasan İzzettin Dinamo","Türk yazarı",1909-07-23
"İrfan Orga","Türk yazarı",1908-04-25
"Jale İnan","Türk yazarı",1945-01-01
"Kerim Korcan","Türk yazarı",1958-01-01
"Leylâ Hanım","Osmanlı şairi",1850-01-01
"Mehmet Kaplan","Türk edebiyat bilimci",1915-12-26
"Nurhan Atasoy","Türk sanat tarihçisi",1934-01-01
"Osman Cemal Kaygılı","Türk yazarı",1890-12-21
"Pertev Naili Boratav","Türk halk bilimci",1907-09-02
"Qabil Şirinov","Türk yazarı",1919-01-01
"Refik Halid Karay","Türk yazarı",1888-03-17
"Seyfi Karabaş","Türk yazarı",1930-01-01
"Tevfik Gönenç","Türk yazarı",1932-01-01
"Usta Necmi","Türk yazarı",1890-01-01
"Vedat Nedim Tör","Türk yazarı",1897-01-01
"Widad Benmoussa","Faslı yazarı",1950-01-01
"Xerxes","Pers İmparatoru",-519-01-01
"Yıldırım Türker","Türk yazarı",1940-01-01
"Ziya Gökalp","Türk sosyolog",1876-03-23
"Abbas Sayar","Türk yazarı",1919-01-01
"Behiç Ak","Türk yazarı",1930-05-20
"Cemil Meriç","Türk yazarı",1916-12-19
"Doğan Kuban","Türk mimar",1926-09-06
"Ece Temelkuran","Türk yazarı",1973-10-21
"Fethullah Gülen","Türk din adamı",1941-04-27
"Galip Erdem","Türk yazarı",1935-01-01
"Hüseyin Nihal Atsız","Türk yazarı",1905-01-12
"İdris Küçükömer","Türk sosyolog",1925-01-01
"Jale Baysal","Türk kütüphaneci",1919-11-20
"Kenan Evren","Türk asker",1917-07-17
"Lütfi Arif Przić","Boşnak yazarı",1945-01-01
"Mahmut Yesari","Türk yazarı",1895-01-01
"Nahid Sırrı Örik","Türk yazarı",1894-04-30
"Oğuz Akın","Türk yazarı",1950-01-01
"Peyami Safa","Türk yazarı",1899-04-02
"Qasım Gülün","Türk yazarı",1942-01-01
"Ramazan Dikmen","Türk yazarı",1956-01-01
"Suat Derviş","Türk yazarı",1905-11-05
"Tahsin Banguoğlu","Türk dil bilimci",1904-10-25
"Uğur Mumcu","Türk gazeteci",1942-08-22
"Vasıf Kortun","Türk küratör",1958-01-01
"Walter Benjamin","Alman filozof",1892-07-15
"Xinran","Çinli yazarı",1958-01-01
"Yavuz Bülent Bakiler","Türk yazarı",1938-01-01
"Zühtü Müridoğlu","Türk yazarı",1906-01-01
"Abdullah Cevdet","Türk hekim",1869-09-09
"Bedrettin Tuncel","Türk yazarı",1910-01-01
"Cenap Şahabettin","Türk şairi",1870-06-03
"Durmuş Hocaoğlu","Türk yazarı",1940-01-01
"Eflatun Cem Güney","Türk yazarı",1923-05-14
"Feridun Fazıl Tülbentçi","Türk yazarı",1921-02-14
"Gülnar Aydın","Türk yazarı",1955-01-01
"Hümeyra","Türk şarkıcı",1947-01-01
"İsmail Habib Sevük","Türk yazarı",1891-01-01
"Jale Vehbi","Türk yazarı",1920-01-01
"Kamuran Şipal","Türk yazarı",1929-01-01
"Leman Sam","Türk oyuncu",1924-02-05
"Melâhat Özgü","Türk yazarı",1913-01-01
"Necati Cumalı","Türk yazarı",1921-01-13
"Oktay Sinanoğlu","Türk kimyager",1935-02-25
"Pars Tuğlacı","Türk yazarı",1933-01-01
"Qudret Güven","Türk yazarı",1950-01-01
"Reha Çamuroğlu","Türk yazarı",1952-01-01
"Sedad Hakkı Eldem","Türk mimar",1908-08-18
"Turan Oflazoğlu","Türk yazarı",1932-05-12
"Uğur Kömeçoğlu","Türk yazarı",1965-01-01
"Vamık D. Volkan","Türk psikiyatrist",1932-12-27
"Wolfgang Iser","Alman edebiyat kuramcısı",1926-07-22
"Xerez","İspanyol şehri",1000-01-01
"Yıldız Ecevit","Türk yazarı",1935-01-01
"Zahir Güvemli","Türk yazarı",1954-01-01
"Ahmet Ağaoğlu","Türk yazarı",1869-09-15
"Bahtiyar Vahapzade","Azerbaycan şairi",1925-08-16
"Cahide Sonku","Türk oyuncu",1919-08-30
"Demirel Serhat","Türk yazarı",1965-01-01
"Erol Toy","Türk yazarı",1936-01-01
"Falih Rıfkı Atay","Türk yazarı",1894-01-28
"Gülten Kazancı","Türk yazarı",1950-01-01
"Hıfzı Topuz","Türk yazarı",1923-01-01
"İlhan Usmanbaş","Türk besteci",1921-09-28
"Jak Deleon","Türk yazarı",1951-01-01
"Kadir İnanır","Türk oyuncu",1949-04-15
"Lütfiye Güzel","Türk yazarı",1938-01-01
"Metin And","Türk tiyatro tarihçisi",1927-05-03
"Nebahat Çehre","Türk oyuncu",1944-03-15
"Orhon Murat Arıburnu","Türk yazarı",1918-01-01
"Peyami Safa","Türk yazarı",1899-04-02
"Qürşad Ekrem Talu","Türk yazarı",1889-09-15
"Rauf Mutluay","Türk yazarı",1925-01-01
"Sevim Burak","Türk yazarı",1931-08-21
"Turgut Özal","Türk siyasetçi",1927-10-13
"Ülkü Adatepe","Türk yazarı",1930-01-01
"Vecihi Timuroğlu","Türk yazarı",1925-01-01
"Will Durant","Amerikan yazarı",1885-11-05
"Xing Lu","Çinli yazarı",1960-01-01
"Yılmaz Onay","Türk yazarı",1937-01-01
"Zeki Alasya","Türk oyuncu",1943-04-18
"Akif İnan","Türk tarihçi",1920-08-25
"Burhan Cahit Morkaya","Türk yazarı",1901-01-01
"Ceyhun Atuf Kansu","Türk şairi",1919-01-01
"Duygu Asena","Türk yazarı",1946-04-19
"Ertugrul Osman","Osmanlı hanedanı",1912-08-18
"Füsun Akatlı","Türk yazarı",1944-01-01
"Gündüz Vassaf","Türk yazarı",1948-01-01
"Hakkı Süha Gezgin","Türk yazarı",1912-01-01
"İlyas Halil","Türk yazarı",1932-01-01
"Jülide Gülizar","Türk yazarı",1918-01-01
"Kazım Taşkent","Türk yazarı",1927-01-01
"Leyla Belli","Türk yazarı",1930-01-01
"Münevver Ayaşlı","Türk yazarı",1921-01-01
"Nâzım Germen","Türk yazarı",1919-01-01
"Osman Kemal Belviranlı","Türk yazarı",1925-01-01
"Pertev Boratav","Türk halk bilimci",1907-09-02
"Qeyas Kuliyev","Azeri şairi",1924-01-01
"Rıza Nur","Türk hekim",1879-08-30
"Suphi Nuri İleri","Türk yazarı",1915-01-01
"Tarık Dursun K.","Türk yazarı",1931-01-01
"Uğur Karakullukçu","Türk yazarı",1955-01-01
"Vala Nurettin","Türk şairi",1901-01-01
"Wilfrid Thesiger","İngiliz gezgin",1910-06-03
"Xanthe Elbrick","Amerikan yazarı",1925-01-01
"Yaşar Nezihe Bükülmez","Türk yazarı",1882-01-01
"Zekeriya Sertel","Türk gazeteci",1890-07-20
"Adile Naşit","Türk oyuncu",1930-06-17
"Birhan Keskin","Türk şairi",1963-01-01
"Cevdet Kudret","Türk yazarı",1907-07-07
"Doğan Hızlan","Türk yazarı",1938-09-08
"Erol Simavi","Türk yazarı",1927-01-01
"Fatma Aliye Topuz","Türk yazarı",1862-10-09
"Gülriz Sururi","Türk oyuncu",1928-12-17
"Hasan Âli Yücel","Türk eğitimci",1897-01-20
"İnci Aral","Türk yazarı",1944-01-01
"Jülide Kural","Türk yazarı",1950-01-01
"Kemal Özer","Türk şairi",1943-01-01
"Leman Şen","Türk yazarı",1945-01-01
"Mehmet Önder","Türk yazarı",1926-01-01
"Nermin Bezmen","Türk yazarı",1925-01-01
"Orhan Burian","Türk yazarı",1914-01-01
"Pembe Hanım","Türk yazarı",1900-01-01
"Qudretullah Fatemi","Afghan yazarı",1919-01-01
"Rıza Tevfik Bölükbaşı","Türk şairi",1869-02-05
"Selma Rıza","Türk yazarı",1872-01-01
"Turan Güneş","Türk siyasetçi",1921-01-01
"Ulvi Cemal Erkin","Türk besteci",1906-03-14
"Vasfi Mahir Kocatürk","Türk yazarı",1901-01-01
"Warren Beatty","Amerikan oyuncu",1937-03-30
"Xenakis","Yunan besteci",1922-05-29
"Yahya Akengin","Türk yazarı",1940-01-01
"Zeki Müren","Türk sanatçı",1931-12-06
"Ahmet Rasim","Türk yazarı",1865-06-24
"Burhan Felek","Türk yazarı",1889-01-01
"Cevat Şakir Kabaağaçlı","Türk yazarı",1890-04-17
"Duygu Özkan","Türk yazarı",1975-01-01
"Esat Mahmut Karakurt","Türk yazarı",1906-01-01
"Feyza Hepçilingirler","Türk yazarı",1948-01-01
"Gülşen Bubikoğlu","Türk oyuncu",1954-03-01
"Hüseyin Cavid","Azeri şairi",1884-09-09
"İsmail Dümbüllü","Türk oyuncu",1900-01-01
"Jale Candan","Türk yazarı",1943-01-01
"Kemal Zeki Gençosman","Türk yazarı",1888-01-01
"Limni Yani","Türk yazarı",1897-01-01
"Muharrem Ertaş","Türk halk ozanı",1920-01-01
"Nazım Cumalı","Türk yazarı",1933-01-01
"Oktay Ekşi","Türk gazeteci",1932-04-28
"Pertev Naili Boratav","Türk halk bilimci",1907-09-02
"Qorqud Kazımov","Azeri yazarı",1958-01-01
"Refik Epikman","Türk yazarı",1902-01-01
"Safa Önal","Türk yazarı",1931-01-01
"Turgut Özakman","Türk yazarı",1927-03-21
"Ümit Kaftancıoğlu","Türk yönetmen",1935-01-01
"Vecihi Daryal","Türk yazarı",1907-01-01
"William Faulkner","Amerikan yazarı",1897-09-25
"Xerez Martinez","İspanyol yazarı",1955-01-01
"Yaşar Aksoy","Türk yazarı",1931-01-01
"Ziya Pasha","Türk şairi",1829-09-07
"Abdürrahim Karakoç","Türk şairi",1932-06-11
"Bilge Karasu","Türk yazarı",1930-02-15
"Cevat Fehmi Başkut","Türk yazarı",1905-01-01
"Duygu Asena","Türk yazarı",1946-04-19
"Ertem Eğilmez","Türk yönetmen",1929-02-18
"Füruzan","Türk yazarı",1935-05-13
"Gültekin Samanoğlu","Türk yazarı",1930-01-01
"Hüseyin Rahmi Gürpınar","Türk yazarı",1864-08-17
"İsmet İnönü","Türk siyasetçi",1884-09-24
"Jale Özgentürk","Türk yönetmen",1951-04-07
"Kemal Sunal","Türk oyuncu",1944-08-11
"Leman Sam","Türk oyuncu",1924-02-05
"Münir Özkul","Türk oyuncu",1925-08-15
"Nâzım Hikmet","Türk şairi",1902-01-15
"Osman Şahin","Türk yazarı",1940-01-01
"Peride Celal","Türk yazarı",1916-07-30
"Qasim Haddad","Bahreynli şairi",1948-01-01
"Rıza Derviş","Türk yazarı",1890-01-01
"Semiha Berksoy","Türk opera sanatçısı",1910-12-03
"Turgut Uyar","Türk şairi",1927-08-04
"Ülkü Tamer","Türk şairi",1937-04-15
"Vedat Türkali","Türk yazarı",1919-03-01
"Winston Churchill","İngiliz siyasetçi",1874-11-30
"Xosé Luis Méndez Ferrín","Galicia yazarı",1938-01-01
"Yılmaz Güney","Türk yönetmen",1937-04-01
"Zülfü Livaneli","Türk sanatçı",1946-06-20
"Agatha Christie","İngiliz yazarı",1890-09-15
"Behçet Kemal Çağlar","Türk şairi",1908-10-04
"Cemal Granda","Türk yazarı",1916-01-01
"Duygu Asena","Türk yazarı",1946-04-19
"Ercan Özkan","Türk yazarı",1960-01-01
"Falih Rıfkı Atay","Türk yazarı",1894-01-28
"Gülriz Sururi","Türk oyuncu",1928-12-17
"Hulusi Kentmen","Türk oyuncu",1912-03-10
"İhsan Raif Hanım","Türk yazarı",1870-01-01
"Jacques Lacan","Fransız psikoanalist",1901-04-13
"Kamal Abdulla","Azeri yazarı",1950-01-01
"Lütfi Akad","Türk yönetmen",1916-09-02
"Metin Erksan","Türk yönetmen",1929-09-01
"Nâzım Hikmet","Türk şairi",1902-01-15
"Oscar Wilde","İrlandalı yazarı",1854-10-16
"Pablo Neruda","Şilili şairi",1904-07-12
"Quentin Tarantino","Amerikan yönetmen",1963-03-27
"Rıfat Ilgaz","Türk yazarı",1911-06-07
"Salvador Dalí","İspanyol ressam",1904-05-11
"Tennessee Williams","Amerikan yazarı",1911-03-26
"Umberto Eco","İtalyan yazarı",1932-01-05
"Virginia Woolf","İngiliz yazarı",1882-01-25
"William Shakespeare","İngiliz yazarı",1564-04-26
"Xenophanes","Antik Yunan filozof",-570-01-01
"Yasunari Kawabata","Japon yazarı",1899-06-11
"Zygmunt Bauman","Polonyalı sosyolog",1925-11-19
"Albert Camus","Fransız yazarı",1913-11-07
"Bertolt Brecht","Alman yazarı",1898-02-10
"Charles Dickens","İngiliz yazarı",1812-02-07
"Dostoyevski","Rus yazarı",1821-11-11
"Ernest Hemingway","Amerikan yazarı",1899-07-21
"Franz Kafka","Çek yazarı",1883-07-03
"Gabriel García Márquez","Kolombiyalı yazarı",1927-03-06
"Hermann Hesse","Alman yazarı",1877-07-02
"Italo Calvino","İtalyan yazarı",1923-10-15
"Jorge Luis Borges","Arjantinli yazarı",1899-08-24
"Kurt Vonnegut","Amerikan yazarı",1922-11-11
"Leo Tolstoy","Rus yazarı",1828-09-09
"Milan Kundera","Çek yazarı",1929-04-01
"Nadine Gordimer","Güney Afrikalı yazarı",1923-11-20
"Octavio Paz","Meksikalı şairi",1914-03-31
"Philip Roth","Amerikan yazarı",1933-03-19
"Ivo Andrić","Bosnalı yazarı",1892-10-09
"Ray Bradbury","Amerikan yazarı",1920-08-22
"Salman Rushdie","İngiliz-Hint yazarı",1947-06-19
"Toni Morrison","Amerikan yazarı",1931-02-18
"Ursula K. Le Guin","Amerikan yazarı",1929-10-21
"Vladimir Nabokov","Rus-Amerikan yazarı",1899-04-23
"Wislawa Szymborska","Polonyalı şairi",1923-07-02
"Zadie Smith","İngiliz yazarı",1975-10-25
"Aleksandr Soljenitsın","Rus yazarı",1918-12-11
"Chinua Achebe","Nijeryalı yazarı",1930-11-16
"Don DeLillo","Amerikan yazarı",1936-11-20
"Eduardo Galeano","Uruguaylı yazarı",1940-09-03
"Flannery O'Connor","Amerikan yazarı",1925-03-25
"García Lorca","İspanyol şairi",1898-06-05
"Haruki Murakami","Japon yazarı",1949-01-12
"Isabel Allende","Şilili yazarı",1942-08-02
"J.D. Salinger","Amerikan yazarı",1919-01-01
"Kenzaburō Ōe","Japon yazarı",1935-01-31
"Louise Glück","Amerikan şairi",1943-04-22
"Margaret Atwood","Kanadlı yazarı",1939-11-18
"Naguib Mahfouz","Mısırlı yazarı",1911-12-11
"Orson Welles","Amerikan yönetmen",1915-05-06
"Paul Auster","Amerikan yazarı",1947-02-03
"Raymond Carver","Amerikan yazarı",1938-05-25
"Susan Sontag","Amerikan yazarı",1933-01-16
"Thomas Pynchon","Amerikan yazarı",1937-05-08
"Ursula Hegi","Alman-Amerikan yazarı",1946-05-23
"Vikram Seth","Hint yazarı",1952-06-20
"W.G. Sebald","Alman yazarı",1944-05-18
"Yann Martel","Kanadlı yazarı",1963-06-25
"Zafer Şenocak","Türk-Alman yazarı",1961-01-01
"Annie Ernaux","Fransız yazarı",1940-09-01
"Ben Okri","Nijeryalı yazarı",1959-03-15
"Cormac McCarthy","Amerikan yazarı",1933-07-20
"David Foster Wallace","Amerikan yazarı",1962-02-21
"Elif Shafak","Türk yazarı",1971-10-25
"Forough Farrokhzad","İranlı şairi",1935-01-05
"Günter Grass","Alman yazarı",1927-10-16
"Hanif Kureishi","İngiliz yazarı",1954-12-05
"Ian McEwan","İngiliz yazarı",1948-06-21
"Jamaica Kincaid","Antiguanlı yazarı",1949-05-25
"Kazuo Ishiguro","İngiliz-Japon yazarı",1954-11-08
"Louise Erdrich","Amerikan yazarı",1954-06-07
"Mohsin Hamid","Pakistanlı yazarı",1971-07-23
"Nicanor Parra","Şilili şairi",1914-09-05
"Olga Tokarczuk","Polonyalı yazarı",1962-01-29
"Peter Handke","Avusturyalı yazarı",1942-12-06
"Roberto Bolaño","Şilili yazarı",1953-04-28
"Svetlana Alexievich","Belaruslu yazarı",1948-05-31
"Teju Cole","Nijeryalı-Amerikan yazarı",1975-06-27
"Uwe Johnson","Alman yazarı",1934-07-20
"V.S. Naipaul","Trinidad yazarı",1932-08-17
"Wisława Szymborska","Polonyalı şairi",1923-07-02
"Xiaolu Guo","Çinli yazarı",1973-02-01
"Yoko Tawada","Japon-Alman yazarı",1960-03-23
"Zora Neale Hurston","Amerikan yazarı",1891-01-07
"Alice Munro","Kanadlı yazarı",1931-07-10
"Banana Yoshimoto","Japon yazarı",1964-07-24
"Carmen Laforet","İspanyol yazarı",1921-09-06
"Doris Lessing","İngiliz yazarı",1919-10-22
"Elfriede Jelinek","Avusturyalı yazarı",1946-10-20
"Fleur Jaeggy","İsviçreli yazarı",1940-07-31
"Gillian Flynn","Amerikan yazarı",1971-02-24
"Herta Müller","Alman-Rumen yazarı",1953-08-17
"Iris Murdoch","İngiliz yazarı",1919-07-15
"Joy Williams","Amerikan yazarı",1944-02-11
"Kamila Shamsie","Pakistanlı yazarı",1973-08-13
"Lydia Davis","Amerikan yazarı",1947-07-15
"Muriel Spark","İskoç yazarı",1918-02-01
"Nelly Sachs","Alman-İsveç şairi",1891-12-10
"Oyinkan Braithwaite","Nijeryalı yazarı",1988-01-01
"Patricia Highsmith","Amerikan yazarı",1921-01-19
"Rachel Cusk","İngiliz yazarı",1967-02-08
"Simone de Beauvoir","Fransız yazarı",1908-01-09
"Tove Jansson","Finli yazarı",1914-08-09
"Ursula Vernon","Amerikan yazarı",1977-05-28
"Véronique Ovaldé","Fransız yazarı",1972-01-01
"Willa Cather","Amerikan yazarı",1873-12-07
"Xue Yiwei","Çinli-Kanadalı yazarı",1957-01-01
"Yiyun Li","Çinli-Amerikan yazarı",1972-11-04
"Zahra Owens","Belçikalı yazarı",1970-01-01
"Ayn Rand","Amerikan yazarı",1905-02-02
"Bret Easton Ellis","Amerikan yazarı",1964-03-07
"Chuck Palahniuk","Amerikan yazarı",1962-02-21
"Denis Johnson","Amerikan yazarı",1949-07-01
"Elmore Leonard","Amerikan yazarı",1925-10-11
"Francisco Goldman","Amerikan yazarı",1954-09-01
"George Saunders","Amerikan yazarı",1958-12-02
"Hanya Yanagihara","Amerikan yazarı",1974-09-20
"Irvine Welsh","İskoç yazarı",1958-09-27
"Jonathan Franzen","Amerikan yazarı",1959-08-17
"Ken Kesey","Amerikan yazarı",1935-09-17
"Lorrie Moore","Amerikan yazarı",1957-01-13
"Michael Chabon","Amerikan yazarı",1963-05-24
"Nicole Krauss","Amerikan yazarı",1974-08-18
"Ocean Vuong","Vietnamlı-Amerikan yazarı",1988-10-14
"Paul Beatty","Amerikan yazarı",1962-06-09
"Richard Ford","Amerikan yazarı",1944-02-16
"Siri Hustvedt","Amerikan yazarı",1955-02-19
"Tobias Wolff","Amerikan yazarı",1945-06-19
"Ursula Hegi","Alman yazarı",1946-05-23
"Viet Thanh Nguyen","Vietnamlı-Amerikan yazarı",1971-03-13
"Wells Tower","Amerikan yazarı",1973-04-14
"Xiaodong Xu","Çinli yazarı",1965-01-01
"Yaa Gyasi","Ganalı-Amerikan yazarı",1989-01-01
"Zinzi Clemmons","Amerikan yazarı",1986-01-01
"Abdulrazak Gurnah","Tanzanyalı yazarı",1948-12-20
"Ben Lerner","Amerikan yazarı",1979-02-04
"Colson Whitehead","Amerikan yazarı",1969-11-06
"David Mitchell","İngiliz yazarı",1969-01-12
"Emma Donoghue","İrlandalı yazarı",1969-10-24
"Fiona McFarlane","Avustralyalı yazarı",1978-01-01
"Garth Greenwell","Amerikan yazarı",1978-12-25
"Helen Oyeyemi","İngiliz yazarı",1984-12-10
"Imbolo Mbue","Kamerunlu yazarı",1982-01-01
"Jennifer Egan","Amerikan yazarı",1962-09-07
"Karl Ove Knausgård","Norveçli yazarı",1968-12-06
"Lauren Groff","Amerikan yazarı",1978-07-23
"Min Jin Lee","Koreli-Amerikan yazarı",1968-11-11
"Nell Zink","Amerikan yazarı",1964-01-01
"Ottessa Moshfegh","Amerikan yazarı",1981-05-20
"Patti Smith","Amerikan yazarı",1946-12-30
"Rachel Kushner","Amerikan yazarı",1968-01-01
"Sally Rooney","İrlandalı yazarı",1991-02-20
"Tommy Orange","Amerikan yazarı",1982-01-01
"Valeria Luiselli","Meksikalı yazarı",1983-08-16
"Weike Wang","Çinli-Amerikan yazarı",1987-01-01
"Xu Zechen","Çinli yazarı",1978-01-01
"Yannick Murphy","Amerikan yazarı",1962-01-01
"Zadie Smith","İngiliz yazarı",1975-10-25
"Ali Smith","İskoç yazarı",1962-08-24
"Bernardine Evaristo","İngiliz yazarı",1959-05-02
"Chimamanda Ngozi Adichie","Nijeryalı yazarı",1977-09-15
"Donna Tartt","Amerikan yazarı",1963-12-23
"Elena Ferrante","İtalyan yazarı",1943-01-01
"Francine Prose","Amerikan yazarı",1947-04-01
"Galway Kinnell","Amerikan şairi",1927-02-01
"Hilary Mantel","İngiliz yazarı",1952-07-06
"Ismail Kadare","Arnavut yazarı",1936-01-28
"Jess Walter","Amerikan yazarı",1965-07-20
"Kate Atkinson","İngiliz yazarı",1951-12-20
"Lidia Yuknavitch","Amerikan yazarı",1963-06-09
"Marilynne Robinson","Amerikan yazarı",1943-11-26
"Nathan Englander","Amerikan yazarı",1970-01-12
"Ottessa Moshfegh","Amerikan yazarı",1981-05-20
"Paul Kingsnorth","İngiliz yazarı",1972-01-01
"Richard Powers","Amerikan yazarı",1957-06-18
"Sigrid Nunez","Amerikan yazarı",1951-01-01
"Tim O'Brien","Amerikan yazarı",1946-10-01
"Uwem Akpan","Nijeryalı yazarı",1971-01-01
"Victor LaValle","Amerikan yazarı",1972-02-03
"William T. Vollmann","Amerikan yazarı",1959-07-28
"Ximena Vengoechea","Kolombiyalı yazarı",1985-01-01
"Yoko Ogawa","Japon yazarı",1962-03-20
"Zoë Heller","İngiliz yazarı",1965-07-07
"Aamer Hussein","Pakistan yazarı",1955-04-08
"Bernardine Evaristo","İngiliz yazarı",1959-05-02
"Carmen Maria Machado","Amerikan yazarı",1986-12-03
"Delia Owens","Amerikan yazarı",1949-04-04
"Esther Forbes","Amerikan yazarı",1891-06-28
"Fay Weldon","İngiliz yazarı",1931-09-22
"Gish Jen","Amerikan yazarı",1955-08-12
"Hisham Matar","Libyalı yazarı",1970-08-18
"Ira Levin","Amerikan yazarı",1929-08-27
"Jhumpa Lahiri","Amerikan yazarı",1967-07-11
"Kathryn Stockett","Amerikan yazarı",1969-01-01
"Lisa See","Amerikan yazarı",1955-02-18
"Myla Goldberg","Amerikan yazarı",1971-11-01
"Nana Kwame Adjei-Brenyah","Amerikan yazarı",1990-01-01
"Oyinkan Braithwaite","Nijeryalı yazarı",1988-01-01
"Percival Everett","Amerikan yazarı",1956-12-22
"Qiu Miaojin","Tayvan yazarı",1969-05-01
"Rebecca Makkai","Amerikan yazarı",1978-04-20
"Stephanie Meyer","Amerikan yazarı",1973-12-24
"Tananarive Due","Amerikan yazarı",1966-01-05
"Ursula Parrott","Amerikan yazarı",1899-02-26
"Valerie Martin","Amerikan yazarı",1948-03-14
"Wallace Stegner","Amerikan yazarı",1909-02-18
"Xu Xi","Hong Kong yazarı",1954-01-01
"Yamamoto Michiko","Japon yazarı",1936-01-01
"Zakes Mda","Güney Afrikalı yazarı",1948-10-20
"Abigail Thomas","Amerikan yazarı",1941-01-01
"Barbara Kingsolver","Amerikan yazarı",1955-04-08
"Carolyn Chute","Amerikan yazarı",1947-07-02
"Dorothy Allison","Amerikan yazarı",1949-04-11
"Elizabeth Strout","Amerikan yazarı",1956-01-06
"Flannery O'Connor","Amerikan yazarı",1925-03-25
"Gail Godwin","Amerikan yazarı",1937-06-18
"Harper Lee","Amerikan yazarı",1926-04-28
"Isabel Allende","Şilili yazarı",1942-08-02
"Joyce Carol Oates","Amerikan yazarı",1938-06-16
"Kate Chopin","Amerikan yazarı",1850-02-08
"Louise Penny","Kanadalı yazarı",1958-07-01
"Mary Gaitskill","Amerikan yazarı",1954-11-11
"Nadine Gordimer","Güney Afrikalı yazarı",1923-11-20
"Octavia Butler","Amerikan yazarı",1947-06-22
"Patricia Briggs","Amerikan yazarı",1965-02-28
"Ruth Ozeki","Amerikan yazarı",1956-03-12
"Sue Monk Kidd","Amerikan yazarı",1948-08-12
"Tobias Wolff","Amerikan yazarı",1945-06-19
"Ursula K. Le Guin","Amerikan yazarı",1929-10-21
"Vanessa Diffenbaugh","Amerikan yazarı",1978-01-01
"Wally Lamb","Amerikan yazarı",1950-10-17
"Ximena Gallardo","Meksikalı yazarı",1975-01-01
"Yann Martel","Kanadlı yazarı",1963-06-25
"Zora Neale Hurston","Amerikan yazarı",1891-01-07
"Angie Thomas","Amerikan yazarı",1988-09-20
"Brit Bennett","Amerikan yazarı",1990-06-01
"Celeste Ng","Amerikan yazarı",1980-07-30
"Deesha Philyaw","Amerikan yazarı",1971-01-01
"Erin Morgenstern","Amerikan yazarı",1978-07-08
"Fredrik Backman","İsveç yazarı",1981-06-02
"Gail Honeyman","İskoç yazarı",1972-01-01
"Hanya Yanagihara","Amerikan yazarı",1974-09-20
"Ibi Zoboi","Haytili-Amerikan yazarı",1982-01-01
"Jess Walter","Amerikan yazarı",1965-07-20
"Kristin Hannah","Amerikan yazarı",1960-09-25
"Liane Moriarty","Avustralyalı yazarı",1966-11-15
"Matt Haig","İngiliz yazarı",1975-07-03
"Nicola Yoon","Amerikan yazarı",1972-11-19
"Ovo Adagha","Nijeryalı yazarı",1980-01-01
"Paula Hawkins","İngiliz yazarı",1972-08-26
"Quantez Williams","Amerikan yazarı",1985-01-01
"Robin Wall Kimmerer","Amerikan yazarı",1953-01-01
"Silvia Moreno-Garcia","Meksikalı yazarı",1981-03-28
"Taylor Jenkins Reid","Amerikan yazarı",1983-12-20
"Uzma Jalaluddin","Kanadalı yazarı",1979-01-01
"Vera Wong","Singapurlu yazarı",1975-01-01
"William Kent Krueger","Amerikan yazarı",1950-11-16
"Xu Zhiyuan","Çinli yazarı",1976-01-01
"Yanis Varoufakis","Yunan yazarı",1961-03-24
"Zoe Whittall","Kanadalı yazarı",1976-01-01
"Abraham Verghese","Amerikan yazarı",1955-05-30
"Bernardine Dohrn","Amerikan aktivist",1942-01-12
"Catherine Chidgey","Yeni Zelandalı yazarı",1970-01-01
"Danzy Senna","Amerikan yazarı",1970-09-13
"Emily St. John Mandel","Kanadalı yazarı",1979-10-05
"Fiona Barton","İngiliz yazarı",1957-01-01
"Gillian Flynn","Amerikan yazarı",1971-02-24
"Hala Alyan","Filistinli-Amerikan yazarı",1986-05-14
"Ingrid Rojas Contreras","Kolombiyalı yazarı",1986-01-01
"Jess Lourey","Amerikan yazarı",1970-01-01
"Kiran Desai","Hint yazarı",1971-09-03
"Laura Dave","Amerikan yazarı",1977-01-01
"Min Kamp","Norveçli yazarı",1975-01-01
"Nana Kwame Adjei-Brenyah","Amerikan yazarı",1990-01-01
"Ocean Vuong","Vietnamlı-Amerikan yazarı",1988-10-14
"Patty Yumi Cottrell","Amerikan yazarı",1985-01-01
"Quinn Sosik","Amerikan yazarı",1980-01-01
"Raven Leilani","Amerikan yazarı",1990-01-01
"Sarah Moss","İngiliz yazarı",1975-01-01
"Torrey Peters","Amerikan yazarı",1980-01-01
"Uma Krishnaswami","Hint-Amerikan yazarı",1956-01-01
"Vanessa Chan","Malezyalı yazarı",1985-01-01
"Wayétu Moore","Liberyal yazarı",1985-01-01
"Xochitl Gonzalez","Amerikan yazarı",1970-01-01
"Yael van der Wouden","Hollandalı yazarı",1990-01-01
"Zaina Arafat","Filistinli-Amerikan yazarı",1986-01-01
